x1,y1,x2,y2,x3,y3,x4,y4,x5,y5,x6,y6,x7,y7,x8,y8,x9,y9,x10,y10
627.528,652.617,287.336,603.657,294.374,412.407,190.009,361.159,645.637,297.363,370.513,193.159,156.244,189.531,514.889,106.008,nan,nan,nan,nan
625.543,658.684,288.046,603.219,294.199,412.361,189.439,361.355,645.397,297.185,369.802,192.998,156.294,190.442,518.437,102.180,nan,nan,nan,nan
623.782,662.804,284.143,603.704,295.012,412.363,189.737,360.928,644.581,296.747,370.547,192.820,155.836,189.983,516.792,99.055,180.743,599.320,nan,nan
621.291,662.780,282.129,607.233,295.916,412.171,189.501,360.947,643.713,295.459,371.151,193.129,155.798,189.934,520.565,96.208,179.129,597.315,nan,nan
619.853,663.502,284.317,606.897,298.394,412.651,189.014,361.225,643.763,296.166,370.626,192.727,155.798,189.934,521.281,95.681,179.020,595.056,nan,nan
618.343,664.019,284.179,607.856,299.585,413.726,190.015,360.162,643.469,295.946,370.724,192.511,155.864,189.952,522.275,95.288,177.689,591.969,nan,nan
617.579,664.058,284.536,608.439,298.226,413.996,189.390,360.719,642.961,295.252,370.777,192.674,155.953,190.167,522.798,94.598,177.130,589.006,nan,nan
617.008,663.804,285.500,608.409,296.569,412.793,189.415,360.106,642.221,295.027,369.964,192.026,156.654,191.383,522.815,93.391,176.484,588.045,nan,nan
616.204,664.021,286.022,608.584,296.268,412.232,189.001,360.697,636.925,290.524,370.451,192.207,156.654,191.383,523.389,93.248,176.790,588.681,nan,nan
615.676,664.183,286.299,609.026,297.034,411.676,186.320,363.027,632.270,287.815,370.119,192.093,156.712,191.298,523.625,92.695,176.703,588.388,nan,nan
615.390,663.744,286.363,609.124,295.441,411.648,187.955,363.233,626.695,285.584,370.887,192.399,156.591,190.443,524.081,93.277,176.438,587.723,nan,nan
615.045,663.696,287.244,609.176,296.167,411.187,188.928,363.131,620.091,282.385,370.854,192.466,156.181,190.299,524.558,93.256,176.612,587.880,nan,nan
614.411,663.422,288.327,608.918,295.792,411.236,188.839,363.046,615.640,282.633,371.000,192.499,155.567,190.059,524.616,92.876,176.557,587.712,nan,nan
614.038,663.764,287.770,609.369,296.490,411.110,189.439,362.664,610.867,281.144,371.836,192.372,156.220,189.195,525.019,93.265,176.557,587.712,nan,nan
613.474,664.205,287.582,609.742,296.938,410.980,188.477,363.069,608.310,281.038,370.241,191.959,156.207,187.360,526.987,91.936,176.747,588.169,nan,nan
610.878,664.882,288.826,609.385,296.667,411.027,189.032,362.497,606.307,280.777,367.123,192.385,157.350,186.850,527.794,86.041,176.747,588.169,nan,nan
607.500,665.816,288.374,609.836,296.865,410.916,188.818,362.797,604.947,280.748,366.232,194.771,158.216,187.065,527.417,81.140,176.717,587.917,nan,nan
603.107,666.887,288.699,610.605,297.271,410.752,189.743,361.929,603.677,280.738,364.356,196.586,160.565,186.201,528.712,78.309,176.821,588.093,nan,nan
599.772,667.271,287.096,612.816,297.712,410.634,189.727,361.936,602.824,280.770,362.720,196.499,161.500,185.958,529.204,78.232,176.829,587.298,nan,nan
598.031,666.783,286.356,614.720,298.070,410.515,189.388,362.263,601.948,280.870,361.486,196.712,162.497,185.573,529.099,78.652,176.829,587.298,nan,nan
596.699,666.814,287.438,615.389,298.070,410.515,189.460,362.114,600.869,280.731,360.674,196.990,163.452,185.007,529.010,78.752,176.829,587.298,nan,nan
595.346,666.743,287.323,616.430,296.472,410.918,189.299,362.151,600.217,280.729,360.207,197.379,163.514,184.890,528.875,76.984,176.943,587.756,nan,nan
594.873,666.402,286.882,617.187,296.873,410.764,189.404,362.082,599.493,280.466,360.501,196.592,163.700,184.671,529.339,78.715,177.662,588.217,nan,nan
594.245,666.101,288.108,617.152,296.866,410.751,189.235,361.866,599.130,280.693,360.481,196.035,163.990,184.476,529.632,77.282,179.040,586.879,nan,nan
592.886,666.536,287.740,617.953,296.342,410.705,189.230,361.744,598.378,280.831,360.111,196.959,163.888,184.301,529.729,77.296,179.257,581.654,nan,nan
592.256,666.426,288.654,617.703,296.431,410.627,188.738,362.038,597.925,280.551,359.887,197.229,163.704,184.439,530.284,80.764,180.333,579.556,nan,nan
591.606,666.216,288.333,618.254,296.208,410.721,189.357,361.328,597.307,280.599,359.821,197.225,164.262,184.021,529.977,79.488,180.354,579.086,nan,nan
591.186,666.279,288.904,618.551,297.194,410.407,188.230,362.383,596.925,280.632,359.821,197.225,164.307,183.684,530.162,79.151,180.991,576.760,nan,nan
589.974,665.564,289.276,618.247,296.800,410.480,188.322,362.259,596.652,280.824,359.682,196.891,164.106,183.823,530.078,79.843,181.240,575.795,nan,nan
584.367,664.329,289.688,618.225,298.133,410.140,188.137,362.145,596.960,283.743,359.682,196.891,164.336,183.747,530.266,78.031,181.089,576.134,nan,nan
578.182,666.793,289.474,619.430,299.469,409.742,188.065,362.204,585.312,280.075,359.659,196.033,164.106,183.823,530.335,78.250,181.496,575.068,nan,nan
568.371,668.159,291.125,621.190,300.544,411.688,187.858,361.805,575.019,283.712,356.687,193.522,164.626,183.494,530.335,78.250,181.560,575.440,nan,nan
565.709,666.479,289.611,627.561,302.168,412.013,187.544,361.911,566.761,286.246,351.644,192.417,164.945,183.264,530.670,78.287,181.642,575.709,nan,nan
563.663,665.383,286.921,636.659,300.642,415.505,187.619,361.930,560.627,288.180,344.541,193.088,164.842,183.304,530.936,78.560,181.669,575.769,nan,nan
562.001,664.565,288.783,637.496,301.536,414.120,187.986,361.557,555.295,290.629,339.691,192.752,164.925,182.950,530.936,78.560,181.837,575.168,nan,nan
560.014,664.170,289.129,637.356,301.399,416.479,187.326,361.913,551.422,292.644,335.562,192.649,164.927,182.970,530.936,78.560,181.777,575.339,nan,nan
559.706,663.300,290.492,635.301,301.891,416.019,187.331,361.706,549.837,294.532,334.674,192.544,165.153,182.915,530.936,78.560,181.750,575.466,nan,nan
558.262,663.221,291.335,634.048,302.021,416.012,187.289,361.417,547.362,295.534,332.324,192.392,165.242,182.858,531.233,81.633,181.867,575.401,nan,nan
557.378,662.566,291.446,633.698,302.184,416.029,187.127,362.200,547.775,297.139,330.220,192.330,165.291,182.769,531.401,85.092,181.766,575.758,nan,nan
556.231,662.531,291.800,632.972,302.075,416.437,185.670,361.914,546.489,297.968,328.696,192.197,165.291,182.769,527.639,87.367,181.766,575.758,nan,nan
556.059,662.324,291.719,633.350,302.275,416.202,184.768,360.907,544.380,298.351,328.647,192.295,165.417,182.654,526.319,89.551,181.742,576.212,nan,nan
555.737,662.009,292.230,633.065,302.579,415.976,183.823,360.370,543.476,299.309,326.254,192.059,165.295,182.654,527.360,90.700,181.766,575.758,nan,nan
555.707,661.478,291.992,635.254,302.744,415.706,184.267,359.312,543.635,299.841,326.430,191.848,165.357,182.568,525.315,91.285,181.790,575.754,nan,nan
554.393,661.704,292.170,634.739,303.000,415.385,185.012,355.475,540.761,300.088,326.325,191.800,165.913,182.095,526.213,92.349,182.321,576.917,nan,nan
556.315,660.027,292.292,634.248,303.092,415.353,184.620,354.870,543.611,301.032,325.146,191.606,166.660,183.732,525.688,92.640,183.078,577.747,nan,nan
555.569,657.542,292.649,633.387,303.066,415.434,184.562,353.527,540.795,301.202,324.087,191.634,165.705,184.098,525.723,92.616,185.030,576.582,nan,nan
543.430,655.487,292.445,634.152,303.406,415.680,184.285,352.699,542.816,302.166,321.782,191.330,167.662,183.314,524.741,93.230,185.260,575.257,nan,nan
537.752,652.386,292.438,634.692,303.369,415.898,184.165,351.254,542.014,302.226,318.591,190.881,167.579,182.957,525.159,93.210,nan,nan,nan,nan
534.656,648.344,292.419,634.815,303.618,415.611,184.103,350.726,542.432,303.015,318.202,190.910,167.503,183.245,526.968,93.238,nan,nan,nan,nan
533.958,645.702,293.146,633.618,303.759,415.480,184.360,350.708,541.581,302.867,316.421,190.064,167.817,183.506,527.687,93.246,185.501,575.140,nan,nan
532.694,644.251,292.950,633.427,304.082,415.149,184.193,350.169,541.719,303.850,316.846,190.012,167.626,183.305,527.078,93.356,nan,nan,nan,nan
531.603,643.101,294.849,635.855,303.986,415.480,184.345,351.285,540.595,303.848,317.687,190.628,166.726,182.810,527.159,93.345,nan,nan,nan,nan
530.131,641.887,296.201,640.238,304.139,415.132,184.167,349.881,541.484,303.893,318.708,190.476,166.726,182.810,528.044,93.385,185.878,575.467,nan,nan
529.650,641.165,296.361,652.641,304.586,414.483,183.676,350.815,539.863,304.063,319.196,190.492,166.961,182.870,528.281,93.307,185.938,575.412,nan,nan
530.010,640.817,299.064,653.969,304.497,413.896,183.703,349.944,540.123,304.508,318.670,189.865,166.820,182.849,528.698,93.349,185.948,575.246,nan,nan
528.831,640.022,299.959,655.323,305.023,414.090,183.778,349.834,539.233,304.739,319.156,189.798,166.785,182.879,529.029,93.389,185.306,575.960,nan,nan
529.319,640.003,300.408,656.078,304.934,414.352,183.588,349.300,539.652,304.822,317.952,189.600,166.946,182.854,529.340,93.372,185.379,575.973,nan,nan
528.669,639.307,300.723,654.462,305.150,413.563,183.635,349.495,539.786,305.363,318.327,189.731,167.236,182.919,529.683,93.280,184.903,576.359,nan,nan
528.466,639.021,301.543,652.133,306.054,411.267,183.509,349.157,538.724,305.450,318.599,189.825,167.282,182.902,531.253,94.277,181.547,578.985,nan,nan
528.133,638.782,302.181,653.281,304.079,411.060,183.519,349.683,538.227,305.673,317.650,189.513,167.399,182.941,529.348,100.061,180.217,579.423,nan,nan
528.211,638.734,301.578,654.735,301.577,413.142,183.164,349.980,541.023,306.022,319.496,188.927,167.460,182.938,521.730,104.637,180.092,580.941,nan,nan
528.294,638.189,302.698,653.001,301.008,413.788,183.139,348.053,537.013,308.446,321.084,184.343,167.425,182.909,517.678,109.388,178.446,582.081,nan,nan
528.213,638.387,302.869,653.384,300.785,413.678,183.442,350.284,534.211,311.907,315.927,178.919,167.460,182.938,511.286,112.621,178.101,580.530,nan,nan
528.747,639.120,303.131,653.620,301.244,413.648,184.001,351.511,531.598,317.032,309.868,173.354,166.701,182.588,512.374,113.966,177.969,578.337,nan,nan
532.523,639.426,303.058,653.650,301.292,413.682,184.541,350.123,528.804,320.411,306.085,169.472,166.296,181.081,511.840,114.921,178.436,578.082,nan,nan
524.446,635.664,303.165,652.996,301.571,413.689,184.164,349.103,526.494,324.607,301.435,163.972,166.262,179.447,511.471,115.804,177.227,580.182,nan,nan
522.907,632.204,303.376,652.609,301.794,413.456,184.722,348.499,525.376,327.287,300.859,163.259,nan,nan,511.894,116.129,171.639,584.476,nan,nan
521.751,629.284,303.362,652.559,301.806,413.332,184.654,347.004,525.903,328.810,299.729,161.967,169.329,176.864,512.412,116.159,169.726,586.595,nan,nan
522.772,627.517,303.332,652.846,301.547,413.512,184.694,345.426,525.617,330.450,297.875,159.942,170.843,175.571,511.879,116.859,165.820,587.843,nan,nan
520.149,626.401,304.878,653.368,301.659,413.372,184.510,343.532,525.002,331.563,295.815,157.537,171.175,175.199,511.009,117.641,162.980,589.820,nan,nan
520.157,625.926,309.252,657.440,301.656,413.338,184.247,342.459,525.024,332.730,295.092,157.000,170.975,175.235,511.368,117.669,160.635,592.352,nan,nan
519.989,625.400,312.786,663.814,302.102,412.997,184.423,342.162,524.653,333.757,294.404,155.994,172.221,174.385,510.690,118.229,158.649,593.995,nan,nan
519.918,624.673,316.182,669.731,302.785,412.660,184.363,341.665,525.377,334.718,294.024,155.781,171.870,174.282,510.446,118.717,157.214,595.053,nan,nan
519.411,624.324,318.791,670.950,302.607,412.827,184.467,341.702,524.555,335.559,293.842,155.645,172.217,173.906,510.505,118.609,156.445,595.869,nan,nan
519.018,623.827,320.626,671.563,302.771,412.741,184.335,341.608,524.185,337.523,292.925,154.778,172.218,173.914,511.592,118.664,155.312,596.726,nan,nan
518.781,623.621,321.623,672.721,301.443,413.657,184.572,341.644,517.746,346.941,292.439,153.678,172.224,173.658,511.881,118.320,155.470,596.988,nan,nan
518.366,623.340,322.354,671.703,302.075,413.252,184.393,341.401,515.175,353.771,292.064,153.400,nan,nan,516.566,117.924,154.310,597.653,nan,nan
518.256,623.237,323.218,672.263,302.361,412.997,184.550,342.814,515.981,357.298,291.380,152.404,173.172,173.161,518.763,119.242,153.515,598.473,nan,nan
518.134,622.977,324.091,672.838,302.437,412.951,185.335,343.063,515.961,360.353,291.380,152.548,173.373,172.810,520.810,127.776,153.220,598.717,nan,nan
518.031,622.845,324.499,672.956,302.670,412.772,185.094,342.997,516.785,361.721,290.689,151.698,173.373,172.810,519.551,134.769,152.728,599.344,nan,nan
518.192,622.784,325.174,673.201,302.580,412.829,185.315,341.368,515.905,364.790,290.236,151.080,173.556,172.653,519.465,140.883,151.798,600.068,nan,nan
518.511,622.896,325.719,673.395,302.704,411.296,185.484,338.958,515.773,365.877,289.947,150.435,173.556,172.653,519.330,145.491,151.720,600.247,nan,nan
522.245,624.603,325.736,672.704,302.356,409.239,186.067,341.125,515.535,367.582,289.518,149.810,173.504,172.260,516.114,150.804,151.620,600.368,nan,nan
522.413,627.225,326.452,673.728,297.761,408.016,186.213,336.943,515.939,368.028,289.744,150.153,173.572,172.100,516.315,154.533,151.479,600.626,nan,nan
522.201,627.566,326.418,673.333,293.333,408.207,186.201,334.884,515.819,369.154,289.109,149.505,172.950,172.459,516.541,155.561,151.397,600.780,nan,nan
524.294,627.748,326.934,673.453,290.021,406.023,186.407,334.146,515.963,369.754,288.642,148.933,172.950,172.459,516.953,156.284,151.136,600.886,nan,nan
523.330,628.675,327.339,673.874,290.024,405.523,186.271,331.977,516.942,369.192,288.434,148.498,172.950,172.459,516.663,158.416,150.996,601.085,nan,nan
523.860,628.568,326.954,668.301,288.505,404.683,186.627,332.664,516.446,370.195,288.682,148.622,172.950,172.459,517.709,156.703,151.060,601.053,nan,nan
523.828,628.925,326.571,667.278,291.160,404.794,186.544,331.892,517.608,369.075,288.180,147.982,nan,nan,517.926,156.921,150.835,601.425,nan,nan
524.245,628.680,327.968,668.268,288.293,403.973,186.659,331.749,516.424,371.467,289.532,149.962,172.523,170.192,517.073,160.765,150.686,601.599,nan,nan
524.063,628.861,331.030,669.085,289.123,403.837,186.536,330.370,517.344,370.279,286.853,150.666,173.903,168.447,517.498,159.188,150.772,601.527,nan,nan
524.346,628.753,331.764,667.735,289.610,403.798,186.617,330.480,516.477,372.396,281.313,147.404,174.758,166.659,517.337,161.231,150.496,601.645,nan,nan
524.139,628.969,333.857,669.387,289.556,403.567,186.602,330.353,518.276,370.955,281.339,141.871,nan,nan,517.770,161.676,150.506,601.791,nan,nan
524.264,628.886,334.652,669.355,289.524,403.488,186.617,330.090,519.957,374.486,279.924,137.355,175.397,165.678,517.755,161.849,150.657,601.527,nan,nan
524.206,628.873,335.260,668.562,289.962,403.508,186.496,329.645,519.028,384.566,279.701,135.149,175.860,165.045,518.537,160.334,150.511,601.724,nan,nan
524.092,629.016,336.320,667.812,289.104,403.096,186.637,329.655,520.787,389.994,279.828,133.484,176.209,164.404,518.336,161.204,150.074,602.122,nan,nan
523.932,629.150,337.011,668.606,288.393,403.068,186.663,330.089,522.617,392.477,280.235,132.667,176.301,163.770,518.164,161.178,150.023,602.168,nan,nan
524.280,628.863,337.293,668.070,289.671,403.127,186.888,331.296,523.765,396.204,279.588,131.272,176.390,163.413,519.387,157.861,150.068,602.149,nan,nan
524.350,628.762,337.251,668.133,289.779,403.032,186.717,330.013,524.546,397.056,279.195,130.097,176.310,163.569,522.189,151.932,148.937,603.393,nan,nan
524.467,628.751,337.908,667.344,289.899,402.805,188.075,327.104,524.936,398.533,280.391,130.242,176.366,163.477,520.554,149.844,150.130,601.336,nan,nan
524.653,628.670,338.028,666.571,292.112,401.864,197.806,311.847,525.622,399.777,281.680,131.032,176.396,163.525,520.636,149.697,150.697,599.322,nan,nan
524.653,628.670,338.201,666.856,298.841,401.991,188.773,319.497,526.030,399.388,281.117,129.827,176.638,163.221,515.908,151.630,148.501,599.672,nan,nan
524.653,628.670,338.310,667.462,305.453,399.780,185.723,319.935,526.439,400.556,280.051,128.766,176.504,162.882,518.238,148.677,144.450,601.674,195.010,307.196
525.808,627.273,338.243,665.666,310.855,393.149,183.760,316.632,526.457,401.218,281.122,128.930,176.567,162.932,518.280,148.433,143.740,601.099,191.972,303.109
525.017,623.786,340.638,665.125,315.050,382.636,184.173,310.548,526.924,402.101,281.892,129.378,176.527,162.863,515.725,149.227,142.086,601.540,nan,nan
526.106,623.675,345.605,669.104,317.930,377.764,183.201,308.753,527.374,402.190,282.596,129.286,176.530,163.137,520.947,148.986,141.571,601.272,nan,nan
525.337,622.698,348.950,674.659,320.012,372.238,181.876,307.373,527.546,402.768,281.707,128.796,176.609,162.833,524.175,145.606,140.905,601.638,nan,nan
523.465,622.041,351.901,677.179,321.127,369.882,181.076,306.588,527.575,402.146,280.587,126.700,176.624,162.828,527.179,142.025,140.891,601.507,nan,nan
521.470,621.088,352.477,675.767,322.321,365.942,180.509,305.021,528.481,401.786,281.035,123.411,176.747,162.463,528.180,136.460,139.455,602.016,nan,nan
523.755,620.833,352.829,675.135,322.969,364.166,179.882,305.390,532.104,403.939,279.904,120.467,176.747,162.463,528.883,129.833,139.345,601.854,nan,nan
524.085,620.503,353.331,675.744,323.462,362.380,179.149,304.671,536.169,412.522,279.834,119.048,176.747,162.463,529.589,126.062,138.925,601.759,nan,nan
522.355,619.879,353.737,675.567,324.220,360.389,179.085,304.002,540.069,419.423,280.408,118.160,176.747,162.463,530.528,121.575,138.668,602.090,nan,nan
522.648,619.317,353.958,675.553,324.437,359.915,178.597,303.806,545.221,423.748,281.420,118.035,176.747,162.463,530.419,121.304,138.228,602.305,nan,nan
525.132,619.698,353.558,674.722,325.100,357.856,178.051,303.540,548.836,426.160,281.460,117.583,176.747,162.463,531.059,116.897,138.011,602.447,nan,nan
525.118,619.422,353.829,674.683,325.030,357.409,178.167,303.069,550.334,426.495,282.841,117.953,176.747,162.463,530.662,117.576,137.612,602.516,nan,nan
524.027,618.490,354.203,675.082,325.609,356.110,174.313,306.093,552.066,427.467,282.388,116.894,176.786,162.530,530.493,118.030,137.386,602.471,nan,nan
525.426,618.280,354.195,674.924,326.322,354.747,170.930,303.699,553.133,427.804,282.871,116.704,176.802,162.326,530.745,115.835,138.314,602.181,nan,nan
526.951,616.169,353.895,674.231,326.079,355.261,168.183,300.113,553.469,427.962,283.572,116.814,176.594,162.063,530.455,116.447,139.261,602.779,nan,nan
523.224,612.947,353.866,673.674,326.475,353.682,165.312,298.583,554.361,427.929,282.297,115.164,nan,nan,531.215,112.109,142.225,603.695,nan,nan
520.491,609.372,354.566,674.484,326.582,354.037,161.764,295.847,554.734,427.888,283.607,113.852,176.882,159.737,530.729,114.013,148.217,607.585,nan,nan
520.882,607.067,354.189,673.578,326.637,352.556,158.959,294.233,555.243,428.229,282.322,108.184,176.667,159.506,531.167,111.182,149.970,608.198,nan,nan
519.712,604.731,354.154,673.532,326.903,352.470,157.043,293.249,556.037,428.911,282.179,103.979,177.177,158.140,531.276,111.169,151.743,613.241,nan,nan
520.410,603.793,354.914,674.490,327.188,351.904,155.207,292.143,556.670,429.080,283.378,99.745,nan,nan,531.138,110.419,153.934,614.459,nan,nan
520.365,602.551,355.198,674.807,327.538,350.336,154.522,291.894,557.361,429.905,285.052,97.698,nan,nan,531.212,110.361,156.687,616.598,nan,nan
520.287,601.897,354.997,673.884,327.354,351.217,153.201,291.168,557.458,429.756,285.664,94.423,177.895,156.121,531.195,109.205,158.845,620.460,nan,nan
520.185,601.160,354.636,673.500,327.471,350.746,151.738,290.487,557.011,428.875,286.629,94.566,177.922,155.471,531.223,109.520,160.635,622.274,nan,nan
520.415,600.755,355.062,674.152,326.000,348.514,151.405,290.485,557.982,429.588,286.737,92.870,nan,nan,531.196,108.627,161.858,623.366,nan,nan
520.841,600.290,355.142,674.177,325.038,346.818,150.549,290.028,558.075,429.720,287.585,92.414,177.922,155.513,531.186,108.316,162.325,623.857,nan,nan
520.671,599.930,354.727,673.067,324.946,341.979,150.296,289.918,558.081,429.010,287.797,91.892,nan,nan,531.159,107.406,163.373,625.595,nan,nan
520.317,599.434,354.563,672.826,323.345,339.032,149.105,289.435,559.451,431.133,288.495,91.932,nan,nan,531.213,107.258,163.537,625.826,nan,nan
521.122,599.679,354.641,672.935,322.506,336.417,149.204,289.709,558.414,427.293,288.867,91.844,nan,nan,531.219,106.910,164.643,627.431,nan,nan
521.117,599.250,354.482,672.609,321.780,333.572,147.889,289.308,555.170,425.091,288.874,90.789,178.100,155.425,531.194,107.097,164.575,627.127,nan,nan
521.629,599.608,354.679,672.741,320.632,332.061,146.344,289.387,554.104,425.582,289.864,93.485,178.100,155.425,531.137,106.413,165.043,627.744,nan,nan
521.619,599.267,354.653,672.523,320.233,330.990,143.168,287.368,555.471,429.342,290.351,91.108,nan,nan,531.166,106.194,165.892,628.538,nan,nan
522.314,598.831,353.653,671.088,320.077,330.615,139.623,286.453,555.270,428.971,291.531,87.358,nan,nan,531.229,106.097,165.729,628.281,nan,nan
524.361,595.775,354.747,672.602,319.355,329.203,137.476,285.440,556.069,428.448,293.438,85.109,nan,nan,531.224,105.757,165.935,628.430,nan,nan
521.481,587.240,354.915,673.246,319.409,329.260,135.670,284.585,555.865,429.238,295.034,81.882,nan,nan,530.759,107.693,166.795,629.618,nan,nan
517.158,580.245,356.398,673.130,319.146,328.832,134.313,284.339,556.488,428.802,296.395,82.568,nan,nan,530.762,107.571,166.532,629.328,nan,nan
517.320,575.696,357.653,673.216,318.147,327.247,133.731,284.371,556.438,429.030,297.141,80.987,nan,nan,530.713,107.630,166.504,629.606,nan,nan
518.002,574.446,358.107,673.210,318.290,327.342,132.153,284.036,556.490,429.035,298.042,79.854,nan,nan,530.713,107.630,167.453,627.518,nan,nan
518.736,573.250,358.481,672.077,318.262,327.413,131.529,284.025,556.487,429.046,299.216,81.528,nan,nan,530.718,107.257,168.412,625.731,nan,nan
518.940,572.255,359.119,673.489,318.251,327.171,131.107,283.819,556.302,429.359,299.127,79.511,nan,nan,530.734,106.976,171.152,625.120,nan,nan
519.787,572.094,358.876,672.202,317.758,326.494,130.695,283.814,556.302,429.347,300.097,80.894,177.911,155.996,530.222,107.816,nan,nan,nan,nan
519.855,571.097,359.611,672.519,317.872,326.599,129.668,283.706,556.227,429.513,300.482,79.702,177.356,154.439,527.735,103.833,174.270,623.721,nan,nan
520.744,571.331,359.350,671.690,317.780,326.551,129.076,283.739,556.010,429.725,303.113,78.533,178.000,152.787,527.020,95.478,176.010,623.723,nan,nan
520.161,569.851,359.818,672.115,317.272,325.688,128.854,283.831,556.016,429.839,306.823,71.859,177.738,153.775,525.466,93.446,nan,nan,nan,nan
520.362,569.991,359.670,671.334,316.859,325.128,128.474,283.824,556.529,428.159,309.632,67.160,nan,nan,524.255,88.513,nan,nan,nan,nan
520.319,569.544,360.003,671.171,316.738,324.962,128.164,283.947,555.810,427.986,312.311,66.362,177.624,152.927,524.939,87.951,nan,nan,nan,nan
520.426,568.918,359.997,670.705,316.325,324.338,127.888,283.940,557.444,427.263,313.806,65.512,178.142,151.732,524.857,87.598,nan,nan,nan,nan
520.600,568.558,360.140,670.796,316.275,324.175,129.345,284.521,556.884,424.485,314.250,65.537,178.117,151.842,525.344,87.665,178.909,622.174,nan,nan
520.601,568.188,360.199,670.364,316.278,324.423,126.234,283.175,557.253,423.255,314.535,64.971,nan,nan,525.564,87.799,178.871,622.216,nan,nan
520.547,567.903,360.294,670.185,316.419,324.748,123.562,282.572,557.284,422.066,314.565,65.459,178.385,151.626,525.353,86.621,179.386,622.028,nan,nan
520.739,568.142,360.049,669.332,315.857,325.322,121.406,282.298,556.537,421.482,314.129,66.664,178.305,151.717,526.139,87.997,nan,nan,nan,nan
520.879,568.359,359.957,668.824,312.902,324.766,120.319,281.754,556.744,420.771,314.368,66.263,178.239,151.386,526.050,87.426,178.892,622.564,nan,nan
520.946,567.757,360.156,668.702,310.145,322.132,118.683,281.499,557.245,425.263,314.908,65.276,178.290,151.352,526.103,86.850,nan,nan,nan,nan
521.047,567.581,359.965,668.027,308.384,321.183,118.094,281.487,556.802,423.684,315.060,66.014,178.290,151.352,526.479,87.538,179.961,622.048,nan,nan
521.040,567.353,360.882,667.617,304.325,318.781,117.358,281.599,556.938,425.885,314.619,66.997,178.290,151.352,526.257,87.103,179.944,622.031,nan,nan
521.295,567.945,364.807,672.808,302.589,317.789,117.073,281.693,559.113,425.935,314.964,66.053,nan,nan,526.361,86.537,179.845,622.256,nan,nan
522.392,569.405,367.215,672.961,301.535,317.366,116.865,281.708,559.783,425.191,315.194,65.835,nan,nan,526.516,86.509,179.763,622.175,nan,nan
523.408,565.048,368.963,673.062,300.374,316.670,116.101,281.773,560.775,425.033,315.175,65.958,178.249,151.951,526.687,86.545,177.983,620.770,nan,nan
523.442,558.612,368.866,671.778,300.063,316.894,115.551,281.710,561.547,425.024,315.323,65.318,nan,nan,526.637,86.679,175.157,618.228,nan,nan
527.787,553.025,369.978,672.095,298.749,316.356,114.851,281.953,561.912,424.772,315.484,64.866,177.838,152.245,526.881,86.341,174.028,616.305,nan,nan
529.260,548.048,370.111,671.124,298.062,316.036,114.561,281.945,561.899,425.291,315.321,65.547,177.273,152.493,526.542,85.635,173.034,612.490,nan,nan
531.689,545.070,370.672,671.248,297.858,315.877,115.040,282.056,562.760,423.358,315.620,64.697,178.131,149.098,526.877,86.231,172.606,611.771,nan,nan
533.283,542.869,371.046,670.783,297.644,315.905,115.000,282.121,563.000,422.598,315.486,65.184,177.473,149.632,526.982,86.022,171.947,609.710,nan,nan
534.187,540.815,371.132,670.298,296.633,315.710,114.506,281.977,563.179,421.739,315.450,65.591,177.667,149.483,527.503,86.919,171.802,609.305,nan,nan
535.093,539.640,371.442,670.161,296.019,315.385,114.467,282.247,563.059,421.779,316.636,69.194,177.462,149.434,527.482,86.784,171.676,607.748,nan,nan
535.641,538.285,372.041,670.716,296.371,315.744,115.344,282.676,563.411,421.244,315.195,69.092,177.634,148.276,527.912,84.573,171.108,607.131,nan,nan
536.302,537.296,372.051,670.165,297.345,316.383,115.389,283.087,564.526,420.575,315.356,67.801,177.801,148.594,529.029,79.323,171.319,607.753,nan,nan
538.176,539.715,372.076,669.555,297.210,316.101,114.746,282.962,560.741,426.729,316.524,68.521,177.765,148.772,530.273,78.403,171.291,607.309,nan,nan
539.760,538.835,372.123,669.392,296.421,316.098,114.587,283.194,555.293,424.006,316.497,66.864,177.761,148.349,531.646,75.486,171.050,606.553,nan,nan
545.102,530.975,372.488,669.317,296.389,316.140,114.345,283.070,549.198,421.774,316.677,65.650,177.817,148.243,532.568,75.139,170.959,605.772,nan,nan
550.409,529.806,372.843,669.475,296.156,316.183,114.796,283.075,547.006,420.375,317.712,67.564,177.868,148.269,534.085,75.691,170.829,605.329,nan,nan
554.132,524.294,372.462,668.672,295.772,315.974,114.048,283.016,546.113,418.559,317.634,66.464,177.868,148.269,534.614,74.417,170.828,605.227,nan,nan
556.795,523.590,373.491,668.245,295.512,315.777,113.697,283.082,545.423,417.724,318.011,67.794,177.732,148.466,534.424,71.973,170.997,605.375,nan,nan
559.023,521.897,377.546,670.561,295.724,316.212,113.686,283.283,545.248,416.697,318.492,68.032,177.732,148.466,534.930,73.675,170.820,604.922,nan,nan
560.363,521.726,380.824,671.374,294.691,315.807,113.420,283.272,545.126,415.724,318.536,68.076,177.288,149.349,535.501,73.128,170.774,604.735,nan,nan
561.523,520.773,380.950,669.498,294.682,315.357,115.983,283.564,545.418,414.701,318.583,67.603,176.715,149.120,535.668,72.818,170.762,604.671,nan,nan
562.551,520.141,382.568,669.414,290.875,314.155,114.027,283.042,535.027,408.977,319.083,68.323,177.047,147.444,535.870,72.405,170.814,604.577,nan,nan
563.112,520.759,382.938,669.020,290.327,314.285,111.298,282.253,528.091,402.015,319.280,68.815,177.441,147.322,536.310,73.352,170.737,604.069,nan,nan
564.029,520.290,383.610,668.599,292.120,315.550,110.679,282.020,527.752,397.366,319.374,68.464,177.616,146.082,537.928,73.684,170.768,603.879,nan,nan
564.734,519.542,383.717,668.208,290.195,315.054,109.503,282.028,527.237,392.942,319.714,69.069,nan,nan,539.622,70.370,170.772,604.038,nan,nan
565.344,519.660,383.763,667.537,288.585,314.394,107.914,281.326,527.091,389.629,319.700,68.950,nan,nan,542.162,65.142,170.773,603.855,nan,nan
565.872,519.203,384.530,667.688,290.620,315.361,108.487,282.049,524.734,386.483,319.865,69.239,nan,nan,545.005,63.069,170.808,603.921,nan,nan
565.926,519.415,384.443,667.492,289.752,315.214,106.918,282.069,522.861,384.247,320.099,69.760,nan,nan,546.558,62.008,170.661,603.528,nan,nan
566.542,520.225,384.464,666.630,290.435,315.608,105.951,281.603,522.935,382.881,320.245,69.764,nan,nan,547.223,62.328,170.920,604.114,nan,nan
566.861,522.786,384.948,667.085,290.616,315.895,106.528,281.591,522.739,381.056,320.316,70.006,177.738,146.256,548.077,61.942,169.438,603.034,nan,nan
571.443,517.453,385.020,666.464,290.611,315.882,107.404,282.604,522.685,380.313,320.342,69.539,nan,nan,548.284,62.245,167.868,599.924,nan,nan
575.373,520.698,385.483,666.301,290.143,315.979,106.862,282.253,521.883,379.387,320.433,69.844,nan,nan,549.211,61.380,166.764,597.329,nan,nan
583.558,517.176,385.606,666.486,290.170,315.910,107.337,282.982,522.737,378.747,320.583,69.988,177.702,145.322,549.432,61.668,164.362,593.438,nan,nan
587.874,516.781,385.251,665.582,289.764,315.909,106.994,283.030,523.118,378.757,321.072,71.763,177.761,145.987,549.908,62.195,163.660,591.854,nan,nan
591.456,517.189,385.679,665.552,290.722,316.136,107.488,283.468,522.794,377.736,320.913,71.031,177.244,147.166,550.266,61.570,161.859,588.906,nan,nan
594.130,515.591,391.045,666.231,290.752,316.232,107.516,283.477,523.503,377.594,322.345,74.242,175.267,144.836,550.766,61.390,161.423,588.460,nan,nan
594.822,517.701,393.039,665.737,289.787,316.189,107.489,283.770,523.196,376.795,327.648,68.312,175.741,143.288,550.724,62.181,161.178,587.668,nan,nan
595.697,518.070,400.215,668.675,289.537,316.269,107.376,283.837,522.462,376.451,331.104,58.338,175.414,143.342,551.093,61.543,160.433,586.585,nan,nan
596.639,518.179,399.355,666.639,289.856,316.450,108.983,285.266,522.766,376.040,333.345,56.635,174.972,141.847,551.223,61.801,160.812,586.595,nan,nan
597.625,518.124,397.126,663.409,290.432,316.729,108.182,287.221,522.214,375.563,336.115,54.270,175.376,141.884,551.156,63.180,159.510,584.953,nan,nan
597.616,518.849,396.558,662.459,290.688,316.724,106.094,287.737,522.167,375.283,336.673,55.286,175.447,142.953,553.039,63.914,159.502,584.646,nan,nan
598.914,518.520,398.229,662.713,290.658,314.512,101.394,288.050,523.167,375.001,337.649,54.437,175.306,142.576,557.787,58.616,159.293,584.172,nan,nan
599.431,518.493,398.498,662.225,290.450,314.624,98.060,287.618,524.912,374.428,338.070,54.816,175.042,142.523,561.541,52.863,159.429,584.369,nan,nan
599.857,518.489,398.217,661.556,290.472,313.970,95.412,288.241,526.131,373.914,338.394,54.958,175.462,143.164,565.454,51.810,158.892,583.323,nan,nan
600.687,518.282,398.167,661.193,291.505,314.537,94.263,288.788,524.779,372.032,338.991,55.021,175.495,143.042,568.012,51.832,158.782,583.198,nan,nan
601.030,518.385,398.584,661.038,291.967,314.967,93.535,289.501,524.999,371.219,338.765,55.692,175.269,143.477,570.095,50.866,158.690,583.121,nan,nan
601.038,518.821,399.041,660.935,291.338,314.067,93.315,289.886,524.957,370.813,339.958,54.231,175.471,144.176,570.194,51.566,158.245,582.291,nan,nan
601.952,518.218,399.843,660.842,291.159,313.956,92.835,290.270,524.960,370.407,339.898,55.242,175.247,143.766,570.540,52.200,158.355,582.401,nan,nan
602.818,516.842,399.503,660.489,291.097,313.699,90.655,290.373,523.801,370.478,340.637,54.169,175.193,144.043,572.116,50.884,158.069,581.963,nan,nan
602.324,518.669,398.964,660.179,291.097,313.699,90.999,290.637,524.885,369.637,340.667,54.736,175.109,144.034,572.022,51.613,158.140,581.959,nan,nan
602.381,518.978,400.024,660.505,291.250,313.930,90.827,291.011,525.702,369.176,340.598,55.306,175.229,144.373,572.943,50.869,158.052,581.845,nan,nan
602.397,518.994,399.395,659.862,291.242,313.856,90.996,291.395,526.225,369.272,341.011,54.541,175.113,143.907,573.419,50.706,157.904,581.563,nan,nan
603.164,518.610,399.252,659.361,291.342,313.961,90.935,291.764,527.372,368.826,341.270,54.308,175.188,144.214,574.049,50.705,157.834,581.585,nan,nan
603.328,518.779,399.253,659.292,291.328,313.908,90.689,291.943,526.795,368.624,342.122,53.421,174.947,145.468,573.307,51.453,157.667,581.247,nan,nan
603.376,519.009,399.590,659.150,291.547,314.160,90.771,292.164,527.512,368.503,341.758,54.337,173.993,141.371,574.349,50.614,157.856,581.269,nan,nan
603.560,519.053,400.468,659.752,292.106,315.115,90.790,292.488,527.335,368.513,341.322,55.311,173.189,137.749,574.346,50.864,157.874,581.228,nan,nan
602.965,519.962,401.333,658.386,292.122,314.913,90.454,292.712,528.584,368.074,342.367,55.799,173.455,136.781,574.284,51.188,157.847,581.097,nan,nan
599.849,520.252,402.441,658.494,292.067,315.010,89.894,292.865,526.535,373.175,348.854,58.672,173.537,135.792,574.115,51.473,157.712,580.706,nan,nan
596.404,520.226,402.307,657.408,292.128,314.973,90.130,293.034,523.714,379.635,356.844,58.129,173.372,136.622,574.213,51.906,157.717,580.762,nan,nan
593.247,519.372,403.051,657.186,293.128,316.338,90.697,293.309,527.215,383.669,364.375,57.979,173.546,136.753,574.619,51.436,157.869,580.820,nan,nan
590.381,520.030,403.272,656.750,294.185,315.858,90.533,293.756,526.704,387.566,370.501,57.965,173.944,135.663,573.680,52.119,157.263,580.651,nan,nan
588.171,519.538,403.675,656.733,295.740,314.473,90.047,293.683,528.298,390.259,376.912,57.651,173.990,135.699,575.243,50.738,156.542,582.594,nan,nan
586.657,519.515,402.758,656.025,295.259,313.250,91.263,293.808,528.488,391.860,378.627,57.751,173.990,135.699,575.575,50.570,152.611,582.938,nan,nan
585.717,519.795,403.395,656.087,295.367,312.590,91.960,293.552,529.733,392.271,381.522,57.699,173.990,135.699,575.573,50.608,152.754,581.892,nan,nan
585.369,520.310,403.171,655.424,294.959,306.524,89.429,292.940,530.390,392.206,385.701,57.806,173.990,135.699,575.832,50.656,151.452,578.984,nan,nan
584.485,520.547,403.192,655.423,295.350,305.772,90.249,293.308,529.917,393.279,386.981,57.884,173.990,135.699,574.626,52.492,149.462,577.321,nan,nan
584.820,521.545,403.113,654.937,295.915,303.434,88.600,292.728,530.724,393.111,386.889,57.774,173.990,135.699,571.464,55.856,148.557,575.613,nan,nan
584.732,522.096,403.071,654.373,296.181,304.853,88.217,292.633,530.727,393.469,390.420,58.076,173.990,135.699,566.732,55.598,145.901,573.004,nan,nan
584.918,522.496,403.584,654.706,296.938,303.326,87.994,292.673,532.827,393.654,388.713,58.578,173.916,135.829,565.718,57.172,145.760,572.762,nan,nan
583.764,521.597,402.998,654.049,297.150,303.920,88.131,292.945,533.827,404.446,390.033,58.922,173.932,135.813,565.075,56.515,146.283,573.135,nan,nan
584.424,522.688,403.043,653.996,297.275,305.408,88.515,292.996,534.267,407.735,390.199,59.433,173.905,134.582,563.963,57.089,145.477,572.249,nan,nan
584.449,522.974,403.399,654.050,297.507,303.858,90.321,293.401,535.337,412.461,389.613,59.766,173.732,133.398,563.943,57.697,145.123,571.986,nan,nan
583.892,522.683,403.743,653.402,297.487,303.670,89.454,293.279,536.587,414.679,390.873,59.722,173.877,129.269,563.261,58.227,144.760,571.447,nan,nan
584.108,523.020,405.031,650.348,297.478,304.327,89.673,293.360,537.800,416.047,387.265,59.874,173.837,128.570,563.687,58.457,144.812,571.271,nan,nan
584.087,523.117,413.189,648.472,297.546,304.371,90.150,293.457,537.846,416.576,386.952,59.890,174.100,126.752,563.720,58.618,144.627,571.033,nan,nan
584.296,523.432,422.120,648.510,297.718,303.318,89.572,293.519,538.624,417.878,388.177,59.878,174.153,126.194,564.402,60.151,144.780,571.271,nan,nan
584.491,523.974,423.938,645.486,297.506,305.595,88.805,293.277,538.654,419.159,386.748,60.007,174.312,126.936,564.110,59.724,144.792,571.252,nan,nan
584.741,524.389,425.299,644.305,297.494,305.507,88.551,293.316,539.565,418.473,386.795,59.939,174.312,126.936,564.584,60.755,144.948,571.244,nan,nan
584.897,524.361,424.470,643.238,297.519,305.286,89.132,293.634,539.026,417.981,386.795,59.939,174.312,126.936,564.756,61.227,144.836,571.199,nan,nan
584.700,524.215,423.323,641.664,297.557,305.333,89.551,293.768,539.195,417.727,386.845,59.944,174.312,126.936,565.110,61.815,144.787,571.088,nan,nan
584.675,524.768,427.495,641.874,297.548,305.623,88.051,293.587,540.216,419.078,387.556,59.954,174.312,126.936,566.599,63.632,144.787,571.088,nan,nan
583.225,526.420,421.611,640.495,297.487,306.401,89.180,293.723,540.368,419.016,387.710,59.833,174.312,126.936,565.524,63.623,144.787,571.088,nan,nan
570.890,524.388,421.461,640.343,297.529,306.968,88.689,294.091,540.422,418.338,385.422,62.370,174.312,126.936,563.059,57.873,144.787,571.088,nan,nan
565.820,522.949,422.221,639.542,297.809,308.544,94.803,296.635,540.636,418.147,383.512,61.621,174.312,126.936,562.362,57.789,144.786,571.055,nan,nan
563.008,524.359,424.943,639.110,297.549,307.389,95.560,297.193,540.446,418.194,381.399,60.260,174.312,126.936,561.618,56.731,144.853,571.554,nan,nan
563.288,525.103,423.241,638.690,298.966,306.875,96.936,295.767,540.336,418.179,381.384,58.025,174.312,126.936,561.521,57.233,146.168,571.416,nan,nan
560.479,523.485,422.122,638.624,299.677,306.448,97.433,294.309,540.451,418.979,381.521,55.571,174.312,126.936,561.531,57.611,144.907,568.754,nan,nan
560.715,523.655,424.583,638.046,300.346,303.208,97.306,292.561,540.396,418.368,380.802,55.855,174.312,126.936,561.695,58.431,141.261,565.788,nan,nan
560.683,523.710,424.045,637.773,301.632,306.200,97.697,294.626,540.454,419.031,380.635,57.027,174.312,126.936,562.065,58.480,139.614,563.451,nan,nan
562.908,525.941,422.257,637.568,301.602,302.787,97.678,292.299,540.403,418.717,380.578,57.235,174.312,126.936,562.180,59.605,136.443,560.506,nan,nan
562.657,525.915,422.131,637.417,302.899,304.266,97.562,292.202,540.429,418.945,380.823,56.495,174.263,126.583,562.153,59.564,135.713,558.534,nan,nan
562.411,525.897,424.314,637.011,302.955,304.623,97.044,292.302,540.432,418.741,379.925,58.056,174.350,126.947,562.009,59.403,133.643,556.798,nan,nan
562.851,526.160,422.243,636.773,302.961,304.090,97.336,292.583,540.296,417.073,380.447,58.022,175.086,126.924,562.768,60.296,132.196,554.888,nan,nan
562.567,526.065,421.868,636.822,303.257,304.483,97.522,293.978,540.279,417.479,380.393,58.510,174.970,120.819,563.173,61.027,132.873,556.203,nan,nan
562.947,526.332,424.045,636.436,304.139,304.873,97.545,294.304,540.310,417.220,380.444,57.652,175.985,115.403,563.188,61.446,132.856,555.785,nan,nan
562.762,526.321,427.420,633.905,304.035,304.251,97.762,294.762,540.320,416.778,380.667,56.654,176.570,110.729,563.396,61.692,132.298,555.013,nan,nan
562.559,526.272,429.052,630.914,304.021,304.286,97.704,295.148,540.402,417.856,380.725,57.629,176.665,107.777,563.132,61.583,131.689,554.671,nan,nan
562.588,526.325,434.614,627.571,303.794,304.277,97.874,295.913,540.398,416.556,380.833,56.625,177.577,104.433,565.804,62.910,131.527,554.294,nan,nan
563.486,526.552,433.815,625.936,303.708,304.069,97.616,296.171,540.398,416.556,380.524,56.793,177.736,103.622,568.479,56.881,131.858,555.002,nan,nan
560.510,526.449,434.092,623.926,304.093,304.939,98.471,298.002,540.789,414.913,380.968,56.175,177.242,104.104,570.227,51.585,131.652,554.597,nan,nan
558.206,527.536,429.940,623.196,304.085,304.642,99.024,299.609,540.789,414.913,380.908,56.677,177.232,103.173,572.369,51.769,131.773,554.528,nan,nan
553.420,530.385,430.676,622.025,304.170,306.480,98.921,296.149,541.022,415.995,380.960,56.258,177.182,103.015,573.246,51.044,131.458,554.135,nan,nan
544.765,532.275,431.061,620.921,304.378,305.432,98.385,293.479,543.640,413.074,380.923,56.453,177.350,101.794,573.845,52.128,131.058,553.677,nan,nan
540.769,535.849,430.095,620.740,304.238,305.124,99.313,294.110,549.524,424.652,380.934,56.492,177.582,101.193,574.629,49.876,130.427,553.046,nan,nan
536.702,539.219,430.378,620.134,304.294,305.346,99.191,292.727,556.901,429.442,385.790,57.958,177.592,99.882,575.299,50.063,130.482,553.220,nan,nan
534.946,541.805,430.467,619.480,304.383,305.669,99.096,293.092,561.637,431.515,406.671,70.541,177.622,99.504,575.267,51.927,130.325,552.927,nan,nan
533.299,543.016,430.125,619.056,305.009,305.726,99.434,293.643,564.546,432.111,407.875,76.154,177.193,100.602,575.557,51.098,130.100,552.519,nan,nan
532.131,544.738,430.342,618.579,305.034,306.024,99.402,292.913,566.894,433.126,398.222,68.300,177.457,99.171,575.839,51.307,130.767,553.436,nan,nan
532.058,545.304,429.793,618.279,305.939,307.538,99.363,292.750,567.746,433.399,383.954,61.229,177.013,101.783,576.202,51.220,130.754,553.358,nan,nan
531.577,546.195,430.866,617.560,309.081,307.678,99.541,293.314,568.943,433.414,375.660,61.265,177.198,100.402,576.390,51.942,130.834,553.362,nan,nan
530.406,547.309,430.866,616.976,310.373,306.363,100.032,294.123,569.937,434.317,370.056,62.011,176.984,101.186,576.474,54.945,130.834,553.362,nan,nan
529.583,547.904,431.024,616.611,313.277,304.024,100.131,294.588,570.292,433.983,367.388,63.125,177.022,101.659,581.008,55.135,130.475,552.953,nan,nan
530.377,548.861,430.472,616.524,316.365,300.819,100.133,294.575,570.501,433.999,364.412,61.877,177.164,99.425,587.271,50.000,130.716,553.062,nan,nan
528.676,548.927,429.684,616.544,318.010,299.740,99.972,295.069,571.453,434.391,363.315,62.216,177.108,99.152,592.860,47.181,130.716,553.062,nan,nan
529.767,550.007,431.136,615.757,320.777,297.159,101.254,295.149,571.691,434.567,362.434,62.850,177.145,99.266,597.232,45.547,130.329,552.855,nan,nan
531.294,550.510,429.654,615.942,321.143,296.807,101.831,293.864,572.048,434.687,361.892,62.979,177.371,98.337,596.145,48.074,130.329,552.855,nan,nan
523.586,557.386,430.118,615.549,322.562,295.551,101.517,292.107,572.346,434.588,361.471,63.908,178.224,99.803,598.340,47.483,130.329,552.855,nan,nan
524.131,564.747,430.428,614.956,323.617,294.707,102.294,289.842,571.593,432.714,360.824,64.333,178.467,100.431,599.621,47.074,130.329,552.855,nan,nan
519.580,571.874,430.055,615.044,324.163,294.351,102.857,291.134,575.365,432.372,360.763,64.948,178.880,99.497,600.609,47.208,130.329,552.855,nan,nan
519.128,576.321,430.539,614.663,324.420,294.498,103.259,291.690,580.140,436.874,360.118,65.174,178.541,99.069,600.017,47.793,130.329,552.855,nan,nan
518.740,579.061,429.664,614.673,325.325,293.909,103.473,290.967,586.068,438.758,360.218,66.762,179.430,97.442,600.477,47.783,130.329,552.855,nan,nan
518.314,581.829,429.112,614.970,325.552,293.775,103.751,290.890,588.354,438.484,360.237,67.246,177.819,99.247,600.952,47.618,130.042,552.028,nan,nan
517.877,583.830,429.872,618.439,326.043,293.222,103.835,290.473,592.594,439.667,359.971,67.738,177.667,98.448,601.476,47.643,132.119,550.942,nan,nan
517.163,585.880,431.396,619.286,327.481,292.446,103.931,290.019,593.673,439.220,360.273,68.631,177.675,98.406,601.836,47.743,133.269,544.948,nan,nan
517.979,586.536,431.830,619.949,327.904,291.959,104.140,290.756,595.582,439.077,359.583,68.287,177.425,98.983,601.562,48.071,132.646,539.023,nan,nan
517.816,587.448,431.486,621.027,328.566,291.628,104.132,290.639,596.285,439.526,359.637,69.353,177.468,98.548,601.642,48.075,132.190,535.729,nan,nan
517.682,588.578,430.629,620.537,328.700,291.876,104.053,290.485,596.771,438.806,359.704,69.634,177.575,98.205,602.136,48.183,131.661,534.868,nan,nan
518.308,589.047,431.082,621.093,329.193,291.556,104.140,290.774,597.720,439.183,359.500,69.851,177.550,98.085,602.273,48.175,nan,nan,nan,nan
517.763,590.031,431.077,621.198,329.047,291.643,104.450,290.695,597.695,438.846,360.270,69.985,176.954,98.521,602.872,47.939,131.163,534.361,nan,nan
517.761,590.780,429.743,620.346,329.027,291.710,104.408,290.543,597.764,438.990,368.076,70.215,176.796,98.823,603.016,48.011,131.268,535.227,nan,nan
518.387,590.727,430.098,620.560,328.379,292.123,104.789,292.771,598.583,439.335,373.606,67.045,176.583,99.117,603.344,48.096,131.395,535.658,nan,nan
517.907,591.654,429.779,620.614,328.808,291.953,105.685,292.712,598.291,439.234,378.058,65.565,176.598,99.070,603.217,48.164,131.287,535.453,nan,nan
518.300,591.246,429.430,620.301,328.611,292.399,104.301,290.355,598.459,439.545,380.910,66.793,176.598,99.070,603.503,47.960,131.287,535.453,nan,nan
521.133,589.978,428.838,619.903,329.313,291.923,104.819,289.264,598.308,439.240,381.316,67.883,176.486,99.467,603.727,47.860,131.361,535.792,nan,nan
517.275,598.265,428.916,619.879,329.217,291.929,103.873,285.983,599.015,439.792,383.416,67.550,176.420,99.337,603.313,48.199,131.543,536.117,nan,nan
519.356,601.265,429.423,620.328,328.814,292.495,104.098,286.923,599.250,439.687,383.532,68.617,176.264,99.495,604.294,47.854,131.509,535.833,nan,nan
517.561,608.980,428.841,619.929,328.746,292.708,104.075,287.187,598.833,438.776,384.403,68.430,176.369,99.219,604.246,47.916,131.336,535.669,nan,nan
518.503,612.863,428.394,619.418,329.684,290.750,104.425,287.715,597.269,436.949,384.759,68.570,175.642,99.341,604.316,48.080,131.677,536.267,nan,nan
519.819,613.144,427.978,618.925,331.581,289.544,104.455,287.883,596.228,437.327,385.058,68.764,173.554,98.863,602.665,49.168,131.153,534.825,nan,nan
519.909,614.423,427.882,619.043,332.239,290.452,104.667,288.466,595.297,437.830,385.092,69.051,174.823,95.928,603.694,50.958,131.153,534.825,nan,nan
520.437,615.079,427.758,618.941,333.713,290.169,104.550,288.578,594.002,437.144,385.811,69.182,175.918,94.691,608.029,51.887,132.149,536.760,nan,nan
521.043,614.627,427.755,619.155,334.226,290.843,104.441,288.702,593.000,437.767,385.811,69.182,175.929,91.216,611.815,50.195,131.912,536.102,nan,nan
520.692,616.619,427.545,618.776,335.068,291.328,104.513,288.748,592.604,435.973,385.980,69.182,176.167,89.550,613.780,50.683,127.838,536.434,nan,nan
520.937,616.531,427.165,618.307,336.003,290.726,104.826,289.514,592.198,435.531,386.011,69.490,175.905,88.266,616.739,51.375,124.304,534.969,nan,nan
520.722,617.600,426.877,617.925,336.251,291.332,104.619,289.512,591.599,435.654,386.147,69.490,175.886,87.888,619.912,52.173,122.226,533.716,nan,nan
521.497,616.960,427.322,618.373,336.454,291.745,104.653,289.524,591.241,435.712,386.259,69.474,175.655,88.228,618.593,53.216,117.687,532.679,nan,nan
520.789,618.517,427.080,618.228,336.973,290.984,104.725,289.754,591.036,435.600,385.747,69.782,175.463,88.371,619.883,52.816,117.339,533.420,nan,nan
521.525,618.332,426.799,617.791,337.330,291.183,104.998,290.327,590.881,434.757,386.345,69.738,175.645,87.724,619.426,53.447,115.768,533.370,nan,nan
521.886,617.577,426.382,617.301,336.952,292.048,104.641,289.857,590.875,433.610,386.345,69.738,175.663,87.940,619.800,53.572,114.179,532.701,nan,nan
521.602,619.091,426.898,617.669,337.667,291.222,105.220,291.129,590.282,434.995,386.403,69.592,175.683,87.550,619.107,53.751,114.176,533.150,nan,nan
521.470,619.607,426.426,617.233,337.594,291.642,105.212,290.959,590.627,433.653,386.390,69.647,175.492,87.496,619.348,53.947,113.939,533.002,nan,nan
521.865,619.224,426.073,616.898,337.658,292.216,105.351,291.329,589.782,432.746,386.271,69.826,175.492,87.496,619.861,53.918,113.944,533.107,nan,nan
521.717,619.771,426.222,617.139,338.106,291.709,105.203,291.372,582.008,433.416,386.561,69.788,175.570,87.701,619.435,53.987,114.114,533.155,nan,nan
522.060,619.304,425.774,616.660,337.903,292.289,105.259,291.700,577.006,433.004,385.817,70.293,175.246,88.211,619.456,54.183,113.534,533.346,nan,nan
522.070,619.413,426.021,616.902,337.753,292.984,105.391,291.819,570.922,433.555,385.817,70.293,175.246,88.211,619.290,54.266,113.534,533.346,nan,nan
521.696,620.268,426.103,616.856,338.075,292.694,105.277,291.598,566.860,430.109,385.913,70.106,175.246,88.211,619.257,54.759,113.886,533.199,nan,nan
521.894,619.850,426.004,616.704,338.119,292.519,105.561,291.876,564.401,428.659,385.307,70.991,175.246,88.211,619.699,54.441,113.936,533.243,nan,nan
522.515,619.863,425.614,616.236,337.118,292.858,105.540,291.909,561.638,427.837,383.033,66.523,175.328,87.837,619.053,54.754,114.029,533.299,nan,nan
522.546,619.898,425.816,616.430,336.734,292.552,105.754,292.364,560.653,426.603,382.096,66.744,175.332,87.837,619.240,54.948,114.017,533.322,nan,nan
522.505,620.442,425.807,616.371,337.950,291.602,105.877,292.702,559.978,425.950,379.881,64.262,175.560,87.785,619.208,55.015,114.062,533.335,nan,nan
525.132,617.714,425.334,615.815,337.878,292.674,105.932,292.917,559.237,425.220,378.000,63.504,175.540,87.790,619.208,55.015,113.818,533.269,nan,nan
523.469,625.242,424.885,615.329,338.491,292.170,105.953,292.882,558.963,424.310,377.551,63.743,175.540,87.790,619.208,55.015,114.075,533.428,nan,nan
527.184,631.673,425.678,616.054,338.536,293.389,106.257,293.344,558.159,424.086,376.342,61.632,175.588,87.722,618.991,55.098,113.284,533.311,nan,nan
531.712,632.361,423.936,614.298,338.583,292.252,106.227,293.575,559.554,422.206,376.443,62.612,175.372,87.716,619.133,55.166,114.337,533.388,nan,nan
534.065,637.459,423.185,615.124,339.245,293.493,106.581,294.217,557.933,422.712,376.542,63.983,175.258,88.280,619.232,55.193,109.793,534.116,nan,nan
535.713,640.017,419.940,617.291,339.336,293.496,106.790,294.549,556.012,420.997,375.847,62.760,175.051,88.231,618.452,55.494,106.536,533.889,nan,nan
537.690,641.541,419.795,621.447,339.025,292.875,106.507,293.998,546.922,418.741,375.931,63.125,175.115,88.985,614.630,57.756,103.715,533.983,nan,nan
538.624,643.297,418.681,627.536,339.016,292.844,107.010,294.810,538.307,414.249,375.655,62.821,175.265,91.066,610.833,54.657,100.845,534.978,nan,nan
539.794,642.246,417.736,629.468,338.990,292.287,107.574,295.814,538.250,410.542,375.865,63.973,176.213,90.778,608.330,53.745,99.553,535.437,nan,nan
540.867,645.848,417.549,631.556,339.355,294.087,107.468,297.945,534.402,406.867,375.806,64.386,174.751,90.026,608.188,54.347,99.385,535.639,nan,nan
545.208,650.472,416.592,634.211,339.332,294.290,105.594,299.589,533.884,404.809,375.775,65.063,175.060,89.533,607.329,54.822,97.542,536.061,nan,nan
549.730,660.224,416.549,635.629,339.642,294.011,104.116,300.738,532.833,403.111,376.025,65.056,175.985,88.790,607.285,54.959,95.706,536.509,nan,nan
554.355,663.413,416.940,633.943,339.436,294.722,100.382,300.835,532.188,402.007,375.473,64.637,177.395,87.093,606.615,52.311,96.098,536.642,nan,nan
557.566,665.077,416.720,635.005,339.996,293.679,97.684,301.718,529.940,401.103,375.490,64.546,177.821,86.615,606.616,53.881,96.707,536.506,nan,nan
559.316,665.505,415.943,636.850,339.357,294.430,96.259,302.556,528.850,400.406,375.473,65.327,177.359,86.768,606.636,54.195,96.007,536.543,nan,nan
560.679,666.340,415.989,637.392,336.982,293.429,94.454,302.835,529.320,399.640,375.721,65.943,177.527,86.743,606.603,55.147,97.073,536.800,nan,nan
561.768,666.889,416.005,637.900,335.665,293.161,95.116,303.421,528.958,398.740,375.782,66.786,177.527,86.743,606.532,55.175,96.534,537.039,nan,nan
562.178,666.775,415.309,637.731,334.068,294.030,94.596,303.374,529.667,398.350,375.530,66.812,177.757,86.441,606.075,54.890,95.723,537.158,nan,nan
563.124,667.088,415.870,638.960,334.215,294.409,93.224,304.271,530.981,397.365,375.472,66.108,177.876,86.527,606.173,55.503,96.322,537.221,nan,nan
563.759,668.050,414.904,638.994,332.710,294.450,92.325,304.553,530.375,397.909,375.094,66.264,177.936,86.362,606.397,54.591,96.053,537.319,nan,nan
564.367,667.851,414.910,639.516,332.903,295.270,93.317,304.993,527.813,396.195,374.990,65.819,177.453,86.882,606.159,56.467,96.857,537.948,nan,nan
564.680,667.927,414.898,639.974,332.061,294.926,92.850,305.028,528.780,394.804,375.290,66.978,177.945,86.747,606.446,55.259,98.804,541.014,nan,nan
565.121,668.532,415.087,638.721,331.913,295.658,92.722,305.135,528.167,393.737,375.138,66.970,177.945,86.747,606.188,58.076,96.129,546.098,nan,nan
565.553,665.896,414.942,639.040,332.248,295.886,92.671,305.551,528.357,393.102,375.245,67.335,178.026,86.742,606.622,57.684,92.960,548.471,nan,nan
571.446,664.350,414.730,639.391,332.776,296.392,92.236,305.848,527.164,393.719,375.013,67.276,178.418,86.391,606.120,59.372,88.453,552.212,nan,nan
580.613,669.220,414.763,638.795,332.422,296.422,92.437,306.004,527.820,393.193,374.959,67.677,178.155,86.559,606.986,60.474,86.975,553.291,nan,nan
587.596,671.946,414.561,639.813,332.980,297.322,91.699,306.448,528.001,393.017,375.097,68.357,178.155,86.559,610.426,56.964,85.376,554.216,nan,nan
595.929,675.864,414.426,640.073,332.540,297.065,93.058,306.296,528.977,394.858,374.920,67.853,178.111,86.584,610.260,54.644,82.224,557.220,nan,nan
601.007,676.525,414.153,640.689,331.909,296.788,93.329,306.329,529.343,402.202,374.863,67.701,177.688,86.708,610.642,54.549,82.605,556.747,nan,nan
603.773,676.402,414.261,640.121,332.356,297.397,92.623,306.759,530.289,407.786,375.232,70.183,177.825,86.737,610.556,54.325,81.071,557.904,nan,nan
605.449,676.077,414.138,640.691,331.967,297.394,92.589,307.049,532.702,408.448,377.494,68.471,177.522,88.550,610.368,54.918,81.914,557.249,nan,nan
607.461,676.101,414.119,640.688,331.985,297.626,92.333,307.345,534.794,410.514,378.304,63.831,177.159,90.539,610.454,54.449,80.566,558.326,nan,nan
607.194,675.856,413.953,640.812,331.916,297.673,91.823,307.597,536.944,409.920,378.668,62.192,180.840,92.028,610.728,54.981,79.810,558.964,nan,nan
608.097,676.217,414.351,639.784,332.013,297.783,91.534,307.827,537.353,412.466,378.333,61.793,182.016,93.115,610.660,55.203,79.117,559.569,nan,nan
607.786,676.121,414.129,640.542,332.950,298.485,91.318,308.156,537.537,413.537,378.048,62.173,185.583,94.971,610.448,55.472,79.287,559.548,nan,nan
607.891,676.102,414.231,640.340,332.929,298.496,92.162,308.036,538.716,412.823,378.345,60.803,186.107,95.355,610.570,55.658,78.853,559.922,nan,nan
607.891,676.102,414.053,640.545,332.419,298.497,92.154,308.262,539.715,412.001,377.486,60.854,186.130,95.916,610.725,55.844,78.733,560.107,nan,nan
607.974,676.123,413.762,640.857,333.160,299.276,92.305,308.376,540.900,412.281,377.106,63.303,186.884,96.536,610.730,55.787,78.596,560.255,nan,nan
607.891,676.102,413.735,640.590,335.364,298.016,92.300,308.457,541.472,410.909,376.934,63.039,186.578,96.510,610.191,56.287,78.335,560.387,nan,nan
605.221,674.166,413.634,641.286,337.852,296.809,93.982,307.990,541.587,412.970,376.742,64.232,187.367,96.935,610.573,56.515,78.226,560.628,nan,nan
601.243,672.514,413.622,641.249,337.988,291.753,94.911,307.489,541.995,413.634,376.947,63.914,187.480,97.214,610.299,57.592,77.401,561.107,nan,nan
600.316,675.255,413.511,641.376,338.761,293.589,92.050,306.208,542.362,412.399,377.102,61.910,187.793,97.199,610.260,57.338,76.712,561.450,nan,nan
601.900,677.991,413.679,641.024,340.125,291.294,90.538,306.017,542.813,414.388,376.853,63.019,187.581,97.578,610.716,56.884,77.500,560.946,nan,nan
600.538,677.720,414.678,639.555,340.825,290.713,88.647,306.265,542.583,413.927,376.775,63.025,188.950,98.368,610.399,58.918,77.801,560.995,nan,nan
599.952,679.066,418.928,643.780,341.130,292.693,84.782,305.750,543.000,414.744,376.595,62.380,188.552,98.403,612.331,60.266,77.210,561.529,nan,nan
599.478,678.097,417.745,646.734,341.714,291.281,81.926,305.187,544.231,414.193,376.539,62.299,189.204,98.974,616.459,59.555,76.549,561.894,nan,nan
598.700,678.649,416.250,646.957,341.680,292.770,81.642,305.502,545.373,420.463,376.215,63.292,188.496,98.471,618.983,58.293,76.069,562.293,nan,nan
598.674,678.688,415.667,648.529,341.949,292.635,80.083,305.344,549.672,423.687,376.530,62.239,187.611,97.838,622.382,58.757,75.844,562.638,nan,nan
598.425,678.392,414.526,648.415,342.208,291.535,79.161,305.356,552.528,424.993,376.060,62.975,187.611,97.838,622.768,59.171,75.532,562.869,nan,nan
598.359,678.668,414.291,648.779,342.489,292.605,78.684,305.245,556.654,426.126,376.185,63.231,187.550,97.775,623.604,59.744,75.614,562.930,nan,nan
598.308,678.683,413.540,648.525,342.041,294.128,78.397,305.433,559.253,426.887,376.073,63.204,187.783,98.133,624.102,60.074,75.641,562.815,nan,nan
598.013,678.767,412.882,648.617,342.403,293.918,77.917,305.314,561.983,427.762,375.979,63.416,187.891,98.333,624.072,60.557,75.670,562.785,nan,nan
597.885,678.654,412.736,648.882,342.871,293.518,78.749,305.522,565.441,428.005,376.002,63.395,188.443,99.750,624.167,61.201,75.680,562.800,nan,nan
597.552,678.765,412.054,648.607,342.629,293.980,78.021,305.615,565.702,428.503,375.760,62.670,190.055,102.940,623.907,61.623,76.885,561.696,nan,nan
597.552,678.765,412.002,648.563,343.078,293.477,77.169,305.411,566.876,428.748,375.719,62.973,191.108,104.899,624.900,61.731,76.912,563.169,nan,nan
597.496,679.099,411.310,648.093,342.943,294.481,77.273,305.578,567.875,429.627,375.760,62.670,193.183,108.851,624.232,62.408,74.309,565.588,nan,nan
598.103,678.541,410.927,648.002,343.013,293.989,77.451,305.599,568.458,429.605,375.760,62.670,193.705,109.963,625.416,61.991,73.687,564.190,nan,nan
596.656,679.238,411.117,648.262,342.857,294.304,77.447,305.694,569.357,429.150,375.865,63.050,193.932,111.870,624.283,63.085,71.993,564.755,nan,nan
593.508,678.709,412.023,648.003,342.848,294.354,77.779,305.823,569.865,429.167,375.875,62.226,193.716,112.308,624.520,63.121,70.726,565.998,nan,nan
591.352,678.942,411.917,649.815,342.759,297.065,77.604,306.004,570.897,429.354,375.719,62.050,194.640,113.529,624.081,63.631,68.625,566.852,nan,nan
590.024,678.289,411.421,650.611,342.077,296.689,78.017,306.321,571.113,429.546,375.459,62.747,193.562,113.296,624.353,63.883,66.899,567.394,nan,nan
589.213,677.985,410.754,651.196,340.031,295.507,79.977,308.123,571.421,429.558,375.375,63.013,194.437,114.365,624.415,64.182,66.056,567.812,nan,nan
587.414,678.434,410.405,651.342,338.342,293.307,77.586,311.721,572.076,430.033,375.143,64.207,194.560,114.466,624.610,64.070,65.513,567.932,nan,nan
587.438,678.087,409.965,651.531,337.409,294.807,75.996,314.241,572.333,429.802,374.997,64.564,194.422,114.484,623.725,64.799,65.137,568.016,nan,nan
586.779,678.228,409.573,651.426,337.051,294.966,75.433,315.144,573.990,424.058,375.053,64.346,194.186,114.382,624.121,64.860,65.123,568.162,nan,nan
586.399,678.109,409.118,651.631,337.388,296.804,73.307,317.328,573.257,422.934,374.829,64.449,193.506,114.337,624.371,64.846,63.730,568.678,nan,nan
586.399,678.109,408.875,651.156,336.686,296.376,72.990,318.671,573.489,424.001,374.829,64.449,194.456,114.901,624.133,65.222,64.174,568.469,nan,nan
586.542,677.360,408.536,651.702,335.747,295.470,72.855,319.242,573.199,424.003,375.625,65.093,194.838,115.664,624.106,65.423,63.588,568.903,nan,nan
585.793,677.308,408.107,651.147,335.577,295.590,72.653,320.124,573.203,422.610,384.626,70.172,194.838,115.664,624.136,65.558,62.858,569.225,nan,nan
585.066,675.610,407.609,650.591,335.613,295.959,72.291,320.861,572.106,423.092,393.064,70.249,194.838,115.664,623.966,65.618,63.020,569.250,nan,nan
577.080,676.266,406.306,650.008,335.847,296.828,72.170,321.696,571.330,423.931,398.536,73.532,194.838,115.664,624.141,65.842,63.002,569.307,nan,nan
570.947,675.409,407.825,655.665,336.363,297.342,72.615,321.608,571.272,423.630,401.520,76.129,193.479,114.709,623.288,66.492,62.525,569.492,nan,nan
564.785,673.908,408.185,659.091,336.459,298.088,72.723,322.080,571.665,422.552,402.123,77.831,191.437,117.084,623.456,66.374,61.800,569.958,nan,nan
563.804,672.763,407.196,659.209,335.691,298.642,72.502,322.664,572.442,419.713,402.730,78.451,191.599,118.850,623.162,66.716,61.663,570.123,nan,nan
563.172,671.974,406.405,658.971,330.542,296.304,72.193,323.331,572.215,415.913,404.639,79.855,190.551,122.252,623.391,66.694,61.942,570.053,nan,nan
562.013,671.452,406.211,658.987,329.494,296.464,72.337,323.575,566.062,429.722,404.556,80.196,190.362,128.510,623.539,66.871,62.714,569.766,nan,nan
561.222,670.961,406.124,658.963,328.787,297.489,72.348,323.980,568.323,425.349,405.729,80.818,190.448,132.317,623.135,66.974,62.855,569.775,nan,nan
560.680,670.607,405.888,658.066,327.196,298.141,72.639,323.869,570.288,427.581,405.483,81.318,190.395,136.349,619.638,68.808,62.855,569.775,nan,nan
559.986,670.291,405.673,658.522,327.440,298.614,72.091,325.055,571.650,427.626,407.019,81.854,190.843,137.840,615.512,68.226,62.446,569.961,nan,nan
559.154,670.091,405.183,658.639,325.962,298.934,72.418,324.817,572.929,429.822,406.163,82.294,190.547,139.504,610.368,65.783,62.646,569.857,nan,nan
559.520,669.843,405.063,658.202,326.615,299.432,71.941,325.959,574.479,430.514,407.817,93.200,191.081,142.923,607.696,61.026,61.181,570.678,nan,nan
558.267,669.420,405.027,658.106,326.291,299.820,72.503,325.477,575.190,430.098,414.738,106.037,190.806,142.506,604.303,55.038,64.212,569.075,nan,nan
557.519,669.501,404.812,657.717,325.540,299.544,72.913,325.362,575.614,429.978,419.314,114.562,190.827,144.783,601.673,52.723,66.097,565.827,nan,nan
558.421,669.183,404.557,656.395,325.421,299.636,73.232,325.244,576.140,430.341,421.928,119.112,190.991,145.782,599.944,51.655,67.400,564.471,nan,nan
558.362,669.185,404.426,656.867,326.242,300.517,74.985,325.691,576.571,431.407,422.388,123.335,190.280,146.330,599.728,52.418,67.484,561.499,nan,nan
557.925,668.927,404.466,657.448,326.578,300.762,76.987,327.439,577.020,430.498,422.097,124.077,190.628,146.962,599.306,51.869,68.073,559.890,nan,nan
557.542,668.828,403.470,656.346,325.807,300.584,78.589,331.129,577.205,431.032,422.019,125.845,189.820,147.346,599.214,51.987,68.593,556.912,nan,nan
557.486,668.759,400.654,655.045,325.885,300.699,79.485,339.999,577.335,430.092,422.716,128.532,190.042,148.139,599.034,51.573,69.308,555.167,nan,nan
557.604,668.365,394.405,660.713,325.134,300.507,79.626,342.453,577.508,430.703,422.668,129.186,189.744,148.342,599.141,51.938,69.354,555.066,nan,nan
558.177,665.553,390.252,667.073,326.484,301.584,80.112,346.860,578.027,431.665,423.148,131.397,189.839,147.862,599.141,51.938,70.455,555.913,nan,nan
549.791,658.615,384.713,675.931,324.403,300.648,80.768,352.634,578.127,430.522,422.858,131.839,189.668,148.523,599.141,51.938,70.490,555.458,nan,nan
539.576,655.596,381.905,677.078,322.607,301.279,80.781,354.707,578.347,430.719,422.519,131.650,189.537,149.956,599.141,51.938,70.438,554.857,nan,nan
533.855,651.892,381.150,676.038,320.860,301.641,80.959,356.295,578.244,430.469,422.910,132.977,189.252,150.566,599.141,51.938,70.791,555.327,nan,nan
531.550,648.910,379.900,677.116,318.033,303.068,81.005,357.419,578.216,430.000,422.764,133.102,189.038,150.864,599.141,51.938,71.068,555.109,nan,nan
530.376,647.086,379.136,677.576,317.707,304.583,81.299,359.461,578.015,430.129,422.565,133.442,189.181,150.777,599.141,51.938,71.119,555.535,nan,nan
529.547,645.919,378.563,677.676,312.546,306.410,81.375,360.472,579.140,435.062,422.677,133.387,189.197,151.016,599.120,51.533,71.000,554.567,nan,nan
528.376,644.600,377.846,677.846,311.886,307.592,81.338,360.839,579.980,436.775,422.830,133.470,188.791,150.791,599.080,51.393,71.069,554.310,nan,nan
528.264,644.022,377.625,677.262,310.857,309.143,81.593,362.550,581.801,436.708,422.577,133.047,189.382,148.992,599.106,51.344,71.522,555.014,nan,nan
527.512,643.268,377.092,677.886,308.452,310.313,81.661,362.151,582.397,436.966,422.792,134.430,188.636,144.545,599.316,52.048,71.522,555.014,nan,nan
526.852,641.993,376.653,677.234,310.077,310.632,81.907,364.120,582.976,436.482,422.193,134.841,190.359,142.484,601.580,53.701,71.991,557.325,nan,nan
526.579,641.843,375.925,678.473,309.213,311.426,82.055,366.185,583.226,436.755,422.333,136.108,192.094,142.219,604.609,53.325,71.240,557.984,nan,nan
526.366,641.339,375.959,678.416,307.886,311.593,82.086,365.537,583.497,437.386,422.542,136.376,192.286,141.722,605.685,52.538,68.784,559.962,nan,nan
526.103,640.838,375.641,678.404,308.009,312.662,82.642,368.268,583.879,437.428,422.245,135.997,191.882,140.821,607.037,53.957,66.312,559.973,nan,nan
525.836,640.509,375.311,677.921,307.262,312.509,82.367,367.610,583.927,437.339,421.898,135.589,193.927,139.650,607.908,53.528,64.768,560.020,nan,nan
525.220,639.895,374.759,678.590,308.149,312.490,82.829,370.488,584.093,436.902,421.883,135.478,194.810,139.208,609.195,53.284,63.720,560.866,nan,nan
525.591,640.003,375.011,677.118,309.073,312.917,82.931,369.492,583.921,436.670,421.879,136.364,193.526,139.609,609.762,53.201,64.569,561.343,nan,nan
525.108,639.452,374.791,678.183,307.653,313.750,82.650,369.879,584.138,436.980,421.542,134.907,193.123,139.734,609.333,54.401,64.851,562.058,nan,nan
526.225,639.270,374.722,678.137,307.674,313.528,83.287,371.035,584.572,437.110,421.847,135.529,193.760,139.294,609.642,54.498,64.051,561.928,nan,nan
522.236,634.189,374.516,677.742,308.263,313.398,83.483,372.475,584.095,436.576,418.553,133.306,194.275,139.096,609.801,54.676,62.915,561.458,nan,nan
519.199,626.037,373.998,678.571,308.274,313.619,83.372,372.398,585.937,434.339,418.774,133.469,194.069,138.912,609.691,55.578,62.593,561.429,nan,nan
515.757,615.791,373.587,678.691,307.197,314.139,83.514,373.938,597.610,438.623,419.726,137.921,193.693,139.109,608.469,57.412,62.641,561.462,nan,nan
513.138,606.790,373.603,678.812,307.085,314.175,83.495,374.049,607.420,439.281,416.084,137.662,193.693,139.109,610.778,59.133,62.107,561.293,nan,nan
512.523,598.536,373.527,678.938,307.741,314.129,83.527,373.369,610.854,437.535,417.150,140.084,193.693,139.109,617.136,56.770,61.548,560.955,nan,nan
512.973,593.658,373.175,679.175,306.183,314.817,83.336,373.162,616.703,437.197,415.678,141.018,193.534,139.162,620.700,55.203,61.548,560.955,nan,nan
513.427,590.427,373.372,678.097,307.919,314.617,83.573,375.024,617.628,436.048,414.881,140.893,193.891,138.891,621.933,56.872,61.987,561.122,nan,nan
513.908,588.460,373.097,677.361,308.321,315.554,82.678,374.800,620.405,435.927,414.740,141.152,193.630,138.978,621.810,57.939,61.987,561.122,nan,nan
513.903,585.903,372.861,678.903,309.339,317.762,83.032,374.445,621.955,435.688,414.117,140.822,193.630,138.978,623.482,57.756,61.987,561.122,nan,nan
514.238,584.955,373.067,677.463,308.066,320.347,83.057,377.423,622.630,435.033,414.244,141.295,194.081,138.824,624.199,57.865,63.644,562.272,nan,nan
514.612,583.944,375.209,672.377,308.219,320.494,82.641,375.952,623.070,435.049,414.677,141.544,194.027,138.750,624.383,58.333,63.419,564.854,nan,nan
514.520,582.392,375.411,670.338,307.695,321.882,82.629,376.759,623.742,434.964,414.759,141.677,194.023,138.839,624.936,58.148,59.201,566.790,nan,nan
514.671,581.574,374.709,672.938,307.467,322.118,82.806,378.606,624.232,434.434,414.751,141.682,193.041,139.109,624.965,58.407,56.137,568.478,nan,nan
514.830,581.088,372.485,673.384,306.808,322.847,83.062,379.379,625.854,434.580,413.883,141.024,193.126,139.082,625.064,58.745,53.345,570.539,nan,nan
514.767,580.066,371.415,674.316,306.652,323.003,83.080,380.793,625.379,434.488,414.489,141.798,193.126,139.082,625.368,58.792,51.819,572.530,nan,nan
514.852,579.330,370.635,673.308,306.716,323.005,83.187,380.813,625.370,434.184,413.539,141.009,193.762,138.880,626.354,58.665,51.774,573.423,nan,nan
515.345,579.086,370.052,673.803,306.795,322.823,83.171,380.743,625.808,434.200,414.016,141.211,193.731,138.945,625.573,59.251,51.798,573.587,nan,nan
515.254,578.688,370.081,673.012,306.854,322.938,83.298,381.450,625.045,434.135,414.384,138.742,193.024,139.207,625.657,59.321,51.832,573.873,nan,nan
515.478,578.421,369.986,673.206,306.584,323.170,83.185,381.604,625.501,434.107,418.106,137.557,192.945,139.173,626.079,59.399,50.886,574.457,nan,nan
515.514,578.206,369.689,672.569,306.813,322.875,83.375,382.842,625.978,434.109,417.683,136.915,192.406,139.565,624.680,61.234,50.348,574.843,nan,nan
515.477,577.217,369.446,672.739,306.993,322.708,83.486,382.836,626.256,433.945,418.736,136.309,192.406,139.565,628.825,62.983,50.442,575.379,nan,nan
515.482,577.121,369.070,672.482,307.463,322.363,83.609,382.616,626.628,433.948,418.600,136.193,192.406,139.565,633.568,62.553,50.381,575.326,nan,nan
515.847,577.786,368.873,673.176,307.471,322.391,83.348,381.531,626.576,434.056,417.892,136.007,192.406,139.565,635.748,63.476,50.591,575.189,nan,nan
515.871,577.235,368.794,673.134,308.059,322.190,83.293,381.930,626.765,433.953,416.674,136.292,191.191,139.332,634.091,64.825,50.443,575.250,nan,nan
515.671,576.569,369.081,671.191,307.956,322.197,83.305,384.699,627.047,433.937,415.750,136.149,188.244,138.717,637.360,65.042,49.853,575.697,nan,nan
516.007,576.219,369.068,670.483,308.502,321.730,83.090,383.601,627.032,433.735,415.415,135.934,187.392,133.290,636.912,65.178,49.860,575.697,nan,nan
519.270,579.395,368.491,670.694,308.502,321.730,82.970,384.916,627.032,433.735,415.866,135.710,187.379,132.482,637.972,65.890,49.715,575.789,nan,nan
518.635,577.070,368.597,672.076,308.593,321.728,83.848,388.724,626.857,433.629,416.047,135.769,187.025,130.613,636.376,66.425,49.989,575.853,nan,nan
518.903,571.671,368.130,672.137,308.593,321.728,83.910,389.124,626.857,433.629,414.804,135.621,186.047,130.117,638.380,66.148,48.700,576.832,nan,nan
521.876,568.645,368.933,670.098,308.724,321.942,84.220,390.980,626.902,433.674,414.553,135.534,186.094,127.711,638.031,66.272,48.388,581.319,nan,nan
523.754,567.391,368.666,673.421,308.829,321.275,84.138,390.998,626.323,433.327,414.330,135.627,186.120,126.371,637.299,66.980,47.220,583.361,nan,nan
524.641,566.038,367.131,674.543,305.451,321.822,84.571,392.788,624.028,433.164,413.242,135.708,186.300,125.883,637.560,67.164,44.947,586.763,nan,nan
525.035,564.751,366.472,675.335,304.655,322.000,85.604,394.559,621.203,434.293,414.547,135.220,186.130,125.466,638.674,66.949,43.977,591.015,nan,nan
525.636,564.190,366.261,673.783,300.846,322.079,85.188,394.640,621.072,434.774,412.570,135.365,185.663,124.712,638.291,67.240,43.903,593.021,nan,nan
526.230,564.021,365.807,675.535,300.222,322.459,85.527,395.373,619.275,435.251,411.543,135.189,185.088,125.725,638.121,67.765,43.423,595.202,nan,nan
526.656,563.480,366.150,673.613,299.673,323.548,85.491,395.143,617.544,436.949,418.125,131.100,185.055,125.881,637.415,67.895,43.157,596.837,nan,nan
526.741,563.047,365.828,674.073,299.143,323.540,85.767,396.370,617.122,436.630,419.647,129.948,185.162,125.474,637.986,68.052,43.148,596.853,nan,nan
527.293,563.265,365.977,673.622,299.030,323.593,86.083,396.796,616.114,437.191,421.486,127.760,185.091,125.241,637.436,68.108,43.336,597.809,nan,nan
527.478,563.185,364.819,674.265,299.233,323.631,86.319,397.757,615.977,436.401,421.610,126.444,185.085,124.131,634.678,67.285,43.293,597.992,nan,nan
527.860,562.900,365.303,672.917,299.254,323.717,86.400,397.832,616.028,436.653,420.582,126.292,184.903,124.043,632.401,64.163,43.208,598.500,nan,nan
529.269,562.901,365.016,674.317,299.091,323.819,86.389,397.463,615.201,436.585,421.133,125.278,184.645,124.999,630.144,65.829,43.365,598.391,nan,nan
531.109,556.876,364.919,674.139,299.091,323.819,86.126,396.994,615.267,436.130,421.024,124.949,184.595,124.789,630.171,64.753,43.296,598.484,nan,nan
529.128,548.740,364.937,673.885,299.091,323.819,86.357,397.737,615.050,436.881,420.962,124.411,184.008,126.978,629.466,64.609,43.277,598.512,nan,nan
530.620,544.780,365.102,673.471,299.091,323.819,85.643,396.382,615.122,436.545,421.377,124.149,184.400,126.151,628.999,64.487,43.314,598.873,nan,nan
531.916,543.006,365.086,673.602,299.119,323.841,85.885,398.909,615.149,436.356,421.113,124.157,183.521,125.613,628.956,63.858,43.410,598.900,nan,nan
532.422,541.891,364.651,674.785,299.300,323.652,85.613,400.081,613.629,434.516,421.088,123.814,184.016,124.932,629.026,62.834,43.578,598.630,nan,nan
532.768,540.987,364.798,673.461,299.300,323.652,85.117,400.463,605.894,433.870,421.078,123.574,183.294,123.379,629.332,61.910,43.204,599.667,nan,nan
533.625,541.477,364.917,673.083,301.314,323.010,85.268,402.983,600.252,436.560,420.810,123.637,183.638,120.878,629.376,61.405,43.204,599.667,nan,nan
533.752,540.918,364.482,674.139,300.817,322.900,84.957,404.638,593.855,439.297,421.054,123.524,183.762,119.119,629.144,61.794,43.111,599.584,nan,nan
534.088,540.377,364.615,671.405,300.540,323.080,84.504,406.864,586.889,438.857,420.683,123.428,183.722,118.784,628.888,62.187,43.315,599.667,nan,nan
533.973,539.556,362.400,673.258,298.324,323.357,85.063,411.767,583.738,438.137,420.715,123.357,183.599,117.454,628.547,62.286,43.230,600.368,nan,nan
534.147,539.207,361.376,676.192,298.957,322.838,85.139,411.199,582.588,436.981,420.868,123.244,183.618,116.833,628.324,62.542,43.354,599.898,nan,nan
534.507,539.930,359.358,676.738,298.114,323.137,85.056,412.101,579.963,437.105,421.489,122.294,183.609,115.943,628.005,62.988,43.345,600.048,nan,nan
534.772,540.197,359.252,675.919,298.669,322.774,84.953,412.923,579.239,436.231,421.302,122.305,183.492,116.432,628.397,62.469,43.332,600.067,nan,nan
535.302,542.286,358.512,676.164,297.532,323.473,85.028,413.349,578.204,436.019,420.551,122.924,183.448,116.347,627.662,63.785,43.338,600.197,nan,nan
536.147,539.370,358.394,675.927,296.435,324.017,84.947,413.874,577.407,435.921,420.080,126.062,183.672,114.573,627.563,63.867,44.955,602.172,nan,nan
538.621,537.321,358.414,675.674,297.597,323.425,85.029,414.609,576.383,435.791,422.134,125.820,183.657,114.614,627.563,63.867,48.915,601.561,nan,nan
539.581,535.561,358.293,675.967,296.924,323.786,84.942,415.547,575.289,435.584,424.528,126.583,183.638,114.654,625.863,67.255,49.937,610.251,nan,nan
541.283,535.152,358.230,675.983,297.300,323.653,85.036,415.664,575.791,435.179,425.857,127.168,183.688,114.473,622.987,66.608,49.463,615.741,nan,nan
542.417,534.202,358.164,676.218,297.860,322.932,85.187,417.754,573.600,435.524,425.461,127.100,183.621,114.540,618.145,62.598,50.449,620.951,nan,nan
542.660,533.986,358.196,675.795,298.111,322.744,85.238,417.702,570.993,430.167,425.660,127.198,183.632,114.218,615.638,56.458,50.071,623.749,nan,nan
543.594,535.606,358.196,675.795,298.276,322.500,85.142,418.145,551.887,427.384,425.778,127.363,183.522,114.375,612.745,53.919,50.593,627.802,nan,nan
543.712,535.113,357.975,675.951,297.753,322.836,84.994,417.240,543.389,422.810,426.430,127.832,183.567,114.041,610.505,53.623,51.109,631.220,nan,nan
544.240,533.304,358.136,675.259,298.087,322.507,85.216,418.251,538.039,418.257,426.541,127.935,183.569,113.618,608.972,52.750,51.517,632.101,nan,nan
544.649,535.433,358.041,675.625,298.514,321.948,85.106,418.904,534.536,414.488,425.988,127.671,183.599,113.396,607.899,52.526,51.779,634.570,nan,nan
544.916,535.616,357.960,675.340,299.671,321.347,85.107,418.897,533.396,412.563,426.595,127.833,183.552,113.283,606.875,52.566,51.702,635.393,nan,nan
545.477,535.581,357.856,675.398,302.385,320.044,84.993,419.588,533.166,411.238,426.438,127.748,183.533,113.122,606.846,53.346,51.842,634.828,nan,nan
545.553,535.426,357.739,675.559,307.006,317.788,85.023,419.455,531.388,410.013,426.355,127.697,183.596,113.026,606.560,53.358,52.176,636.467,nan,nan
545.672,535.590,358.011,675.431,310.762,316.823,85.306,417.972,531.407,408.984,426.465,127.456,183.559,112.924,606.464,53.104,52.427,637.281,nan,nan
545.508,534.812,357.983,675.167,312.523,321.412,84.717,418.019,529.406,407.628,426.325,127.668,183.575,113.047,605.460,52.342,52.499,637.764,nan,nan
545.935,534.703,357.978,675.452,312.918,328.168,84.139,420.075,529.607,407.017,426.299,127.648,183.415,114.074,604.657,51.319,53.149,638.649,nan,nan
547.733,532.763,358.180,674.326,312.837,330.026,83.435,420.263,530.228,406.837,422.121,130.874,183.415,114.074,605.717,53.385,53.062,638.395,nan,nan
549.571,528.181,357.881,675.095,313.757,334.009,82.784,421.452,528.938,405.478,421.057,138.234,183.400,114.031,604.174,51.606,53.634,639.987,nan,nan
553.361,523.533,357.781,675.146,313.592,335.499,82.229,424.145,528.457,404.985,420.090,148.140,183.597,113.120,604.766,52.216,53.746,640.425,nan,nan
556.753,521.550,357.987,673.089,314.568,337.935,82.491,424.498,528.052,400.447,418.959,158.194,183.597,113.120,604.115,52.048,53.653,639.933,nan,nan
